Method,Job,AnalyzeLaunchVariance,EvaluateOverhead,MaxAbsoluteError,MaxRelativeError,MinInvokeCount,MinIterationTime,OutlierMode,Affinity,EnvironmentVariables,Jit,LargeAddressAware,Platform,PowerPlanMode,Runtime,AllowVeryLargeObjects,Concurrent,CpuGroups,Force,HeapAffinitizeMask,HeapCount,NoAffinitize,RetainVm,Server,Arguments,BuildConfiguration,Clock,EngineFactory,NuGetReferences,Toolchain,IsMutator,InvocationCount,IterationCount,IterationTime,LaunchCount,MaxIterationCount,MaxWarmupIterationCount,MemoryRandomization,MinIterationCount,MinWarmupIterationCount,RunStrategy,UnrollFactor,WarmupCount,Categories,Iterations,Mean,Error,StdDev,Median,Ratio,RatioSD,Gen0,Allocated,Alloc Ratio
S1_CheckOptionStringErrorNoMessage_ArdalisResult,.NET 10.0,False,Default,Default,Default,Default,Default,Default,111111111111,Empty,RyuJit,Default,X64,8c5e7fda-e8bf-4a96-9a85-a6e23a8c635c,.NET 10.0,False,True,False,True,Default,Default,False,False,False,Default,Default,Default,Default,Default,Default,Default,Default,Default,100ms,Default,Default,Default,Default,Default,Default,Default,16,Default,S1: Check Option String Error No Message,2,16.6574 ns,0.3806 ns,0.3560 ns,16.6725 ns,65.64,1.74,0.0172,144 B,NA
S1_CheckOptionStringErrorNoMessage_EnumerationsOptionsBoxed,.NET 10.0,False,Default,Default,Default,Default,Default,Default,111111111111,Empty,RyuJit,Default,X64,8c5e7fda-e8bf-4a96-9a85-a6e23a8c635c,.NET 10.0,False,True,False,True,Default,Default,False,False,False,Default,Default,Default,Default,Default,Default,Default,Default,Default,100ms,Default,Default,Default,Default,Default,Default,Default,16,Default,S1: Check Option String Error No Message,2,0.2514 ns,0.0160 ns,0.0125 ns,0.2521 ns,0.99,0.05,0.0000,0 B,NA
S1_CheckOptionStringErrorNoMessage_EnumerationsOptions,.NET 10.0,False,Default,Default,Default,Default,Default,Default,111111111111,Empty,RyuJit,Default,X64,8c5e7fda-e8bf-4a96-9a85-a6e23a8c635c,.NET 10.0,False,True,False,True,Default,Default,False,False,False,Default,Default,Default,Default,Default,Default,Default,Default,Default,100ms,Default,Default,Default,Default,Default,Default,Default,16,Default,S1: Check Option String Error No Message,2,0.2538 ns,0.0052 ns,0.0043 ns,0.2541 ns,1.00,0.02,0.0000,0 B,NA
S1_CheckOptionStringErrorNoMessage_FluentResults,.NET 10.0,False,Default,Default,Default,Default,Default,Default,111111111111,Empty,RyuJit,Default,X64,8c5e7fda-e8bf-4a96-9a85-a6e23a8c635c,.NET 10.0,False,True,False,True,Default,Default,False,False,False,Default,Default,Default,Default,Default,Default,Default,Default,Default,100ms,Default,Default,Default,Default,Default,Default,Default,16,Default,S1: Check Option String Error No Message,2,142.6569 ns,2.9075 ns,5.0923 ns,140.6714 ns,562.19,21.92,0.0847,720 B,NA
S1_CheckOptionStringErrorNoMessage_LightResults,.NET 10.0,False,Default,Default,Default,Default,Default,Default,111111111111,Empty,RyuJit,Default,X64,8c5e7fda-e8bf-4a96-9a85-a6e23a8c635c,.NET 10.0,False,True,False,True,Default,Default,False,False,False,Default,Default,Default,Default,Default,Default,Default,Default,Default,100ms,Default,Default,Default,Default,Default,Default,Default,16,Default,S1: Check Option String Error No Message,2,0.2669 ns,0.0094 ns,0.0079 ns,0.2665 ns,1.05,0.03,0.0000,0 B,NA
S1_CheckOptionStringErrorNoMessage_Rascal,.NET 10.0,False,Default,Default,Default,Default,Default,Default,111111111111,Empty,RyuJit,Default,X64,8c5e7fda-e8bf-4a96-9a85-a6e23a8c635c,.NET 10.0,False,True,False,True,Default,Default,False,False,False,Default,Default,Default,Default,Default,Default,Default,Default,Default,100ms,Default,Default,Default,Default,Default,Default,Default,16,Default,S1: Check Option String Error No Message,2,8.0556 ns,0.2049 ns,0.4790 ns,8.0897 ns,31.75,1.95,0.0057,48 B,NA
S1_CheckOptionStringErrorNoMessage_SimpleResults,.NET 10.0,False,Default,Default,Default,Default,Default,Default,111111111111,Empty,RyuJit,Default,X64,8c5e7fda-e8bf-4a96-9a85-a6e23a8c635c,.NET 10.0,False,True,False,True,Default,Default,False,False,False,Default,Default,Default,Default,Default,Default,Default,Default,Default,100ms,Default,Default,Default,Default,Default,Default,Default,16,Default,S1: Check Option String Error No Message,2,262.2819 ns,4.1038 ns,3.8387 ns,260.3602 ns,"1,033.62",22.60,0.0186,176 B,NA
S1_CheckOptionStringErrorWithMessage_ArdalisResult,.NET 10.0,False,Default,Default,Default,Default,Default,Default,111111111111,Empty,RyuJit,Default,X64,8c5e7fda-e8bf-4a96-9a85-a6e23a8c635c,.NET 10.0,False,True,False,True,Default,Default,False,False,False,Default,Default,Default,Default,Default,Default,Default,Default,Default,100ms,Default,Default,Default,Default,Default,Default,Default,16,Default,S1: Check Option String Error With Message,2,43.5667 ns,0.9259 ns,1.9732 ns,43.0073 ns,189.15,10.66,0.0249,208 B,NA
S1_CheckOptionStringErrorWithMessage_EnumerationsOptionsBoxed,.NET 10.0,False,Default,Default,Default,Default,Default,Default,111111111111,Empty,RyuJit,Default,X64,8c5e7fda-e8bf-4a96-9a85-a6e23a8c635c,.NET 10.0,False,True,False,True,Default,Default,False,False,False,Default,Default,Default,Default,Default,Default,Default,Default,Default,100ms,Default,Default,Default,Default,Default,Default,Default,16,Default,S1: Check Option String Error With Message,2,18.4062 ns,0.3987 ns,0.5844 ns,18.4777 ns,79.91,3.70,0.0076,64 B,NA
S1_CheckOptionStringErrorWithMessage_EnumerationsOptions,.NET 10.0,False,Default,Default,Default,Default,Default,Default,111111111111,Empty,RyuJit,Default,X64,8c5e7fda-e8bf-4a96-9a85-a6e23a8c635c,.NET 10.0,False,True,False,True,Default,Default,False,False,False,Default,Default,Default,Default,Default,Default,Default,Default,Default,100ms,Default,Default,Default,Default,Default,Default,Default,16,Default,S1: Check Option String Error With Message,2,0.2306 ns,0.0100 ns,0.0084 ns,0.2292 ns,1.00,0.05,0.0000,0 B,NA
S1_CheckOptionStringErrorWithMessage_FluentResults,.NET 10.0,False,Default,Default,Default,Default,Default,Default,111111111111,Empty,RyuJit,Default,X64,8c5e7fda-e8bf-4a96-9a85-a6e23a8c635c,.NET 10.0,False,True,False,True,Default,Default,False,False,False,Default,Default,Default,Default,Default,Default,Default,Default,Default,100ms,Default,Default,Default,Default,Default,Default,Default,16,Default,S1: Check Option String Error With Message,2,309.4027 ns,4.2757 ns,3.9995 ns,310.4970 ns,"1,343.28",48.82,0.1251,1072 B,NA
S1_CheckOptionStringErrorWithMessage_LightResults,.NET 10.0,False,Default,Default,Default,Default,Default,Default,111111111111,Empty,RyuJit,Default,X64,8c5e7fda-e8bf-4a96-9a85-a6e23a8c635c,.NET 10.0,False,True,False,True,Default,Default,False,False,False,Default,Default,Default,Default,Default,Default,Default,Default,Default,100ms,Default,Default,Default,Default,Default,Default,Default,16,Default,S1: Check Option String Error With Message,2,20.0742 ns,0.4542 ns,0.8642 ns,20.0703 ns,87.15,4.76,0.0132,112 B,NA
S1_CheckOptionStringErrorWithMessage_Rascal,.NET 10.0,False,Default,Default,Default,Default,Default,Default,111111111111,Empty,RyuJit,Default,X64,8c5e7fda-e8bf-4a96-9a85-a6e23a8c635c,.NET 10.0,False,True,False,True,Default,Default,False,False,False,Default,Default,Default,Default,Default,Default,Default,Default,Default,100ms,Default,Default,Default,Default,Default,Default,Default,16,Default,S1: Check Option String Error With Message,2,8.6560 ns,0.2058 ns,0.5010 ns,8.5118 ns,37.58,2.51,0.0057,48 B,NA
S1_CheckOptionStringErrorWithMessage_SimpleResults,.NET 10.0,False,Default,Default,Default,Default,Default,Default,111111111111,Empty,RyuJit,Default,X64,8c5e7fda-e8bf-4a96-9a85-a6e23a8c635c,.NET 10.0,False,True,False,True,Default,Default,False,False,False,Default,Default,Default,Default,Default,Default,Default,Default,Default,100ms,Default,Default,Default,Default,Default,Default,Default,16,Default,S1: Check Option String Error With Message,2,211.6486 ns,3.6179 ns,4.3068 ns,210.7359 ns,918.88,36.28,0.0203,176 B,NA
S1_CheckOptionStringSuccess_ArdalisResult,.NET 10.0,False,Default,Default,Default,Default,Default,Default,111111111111,Empty,RyuJit,Default,X64,8c5e7fda-e8bf-4a96-9a85-a6e23a8c635c,.NET 10.0,False,True,False,True,Default,Default,False,False,False,Default,Default,Default,Default,Default,Default,Default,Default,Default,100ms,Default,Default,Default,Default,Default,Default,Default,16,Default,S1: Check Option String Success,2,15.9497 ns,0.3667 ns,0.7894 ns,15.5561 ns,66.13,3.38,0.0170,144 B,NA
S1_CheckOptionStringSuccess_EnumerationsOptionsBoxed,.NET 10.0,False,Default,Default,Default,Default,Default,Default,111111111111,Empty,RyuJit,Default,X64,8c5e7fda-e8bf-4a96-9a85-a6e23a8c635c,.NET 10.0,False,True,False,True,Default,Default,False,False,False,Default,Default,Default,Default,Default,Default,Default,Default,Default,100ms,Default,Default,Default,Default,Default,Default,Default,16,Default,S1: Check Option String Success,2,8.4136 ns,0.1436 ns,0.1199 ns,8.4150 ns,34.89,0.69,0.0076,64 B,NA
S1_CheckOptionStringSuccess_EnumerationsOptions,.NET 10.0,False,Default,Default,Default,Default,Default,Default,111111111111,Empty,RyuJit,Default,X64,8c5e7fda-e8bf-4a96-9a85-a6e23a8c635c,.NET 10.0,False,True,False,True,Default,Default,False,False,False,Default,Default,Default,Default,Default,Default,Default,Default,Default,100ms,Default,Default,Default,Default,Default,Default,Default,16,Default,S1: Check Option String Success,2,0.2412 ns,0.0043 ns,0.0036 ns,0.2409 ns,1.00,0.02,0.0000,0 B,NA
S1_CheckOptionStringSuccess_FluentResults,.NET 10.0,False,Default,Default,Default,Default,Default,Default,111111111111,Empty,RyuJit,Default,X64,8c5e7fda-e8bf-4a96-9a85-a6e23a8c635c,.NET 10.0,False,True,False,True,Default,Default,False,False,False,Default,Default,Default,Default,Default,Default,Default,Default,Default,100ms,Default,Default,Default,Default,Default,Default,Default,16,Default,S1: Check Option String Success,2,68.2100 ns,1.2190 ns,1.0806 ns,68.2559 ns,282.82,5.88,0.0376,320 B,NA
S1_CheckOptionStringSuccess_LightResults,.NET 10.0,False,Default,Default,Default,Default,Default,Default,111111111111,Empty,RyuJit,Default,X64,8c5e7fda-e8bf-4a96-9a85-a6e23a8c635c,.NET 10.0,False,True,False,True,Default,Default,False,False,False,Default,Default,Default,Default,Default,Default,Default,Default,Default,100ms,Default,Default,Default,Default,Default,Default,Default,16,Default,S1: Check Option String Success,2,0.2683 ns,0.0203 ns,0.0190 ns,0.2638 ns,1.11,0.08,0.0000,0 B,NA
S1_CheckOptionStringSuccess_Rascal,.NET 10.0,False,Default,Default,Default,Default,Default,Default,111111111111,Empty,RyuJit,Default,X64,8c5e7fda-e8bf-4a96-9a85-a6e23a8c635c,.NET 10.0,False,True,False,True,Default,Default,False,False,False,Default,Default,Default,Default,Default,Default,Default,Default,Default,100ms,Default,Default,Default,Default,Default,Default,Default,16,Default,S1: Check Option String Success,2,0.2683 ns,0.0187 ns,0.0157 ns,0.2679 ns,1.11,0.06,0.0000,0 B,NA
S1_CheckOptionStringSuccess_SimpleResults,.NET 10.0,False,Default,Default,Default,Default,Default,Default,111111111111,Empty,RyuJit,Default,X64,8c5e7fda-e8bf-4a96-9a85-a6e23a8c635c,.NET 10.0,False,True,False,True,Default,Default,False,False,False,Default,Default,Default,Default,Default,Default,Default,Default,Default,100ms,Default,Default,Default,Default,Default,Default,Default,16,Default,S1: Check Option String Success,2,172.3509 ns,1.2547 ns,1.1122 ns,172.1762 ns,714.62,11.00,0.0205,176 B,NA
S1_CheckVoidErrorNoMessage_ArdalisResult,.NET 10.0,False,Default,Default,Default,Default,Default,Default,111111111111,Empty,RyuJit,Default,X64,8c5e7fda-e8bf-4a96-9a85-a6e23a8c635c,.NET 10.0,False,True,False,True,Default,Default,False,False,False,Default,Default,Default,Default,Default,Default,Default,Default,Default,100ms,Default,Default,Default,Default,Default,Default,Default,16,Default,S1: Check Void Error No Message,2,17.1838 ns,0.3932 ns,0.8120 ns,16.6952 ns,62.97,6.31,0.0171,144 B,NA
S1_CheckVoidErrorNoMessage_EnumerationsOptionsBoxed,.NET 10.0,False,Default,Default,Default,Default,Default,Default,111111111111,Empty,RyuJit,Default,X64,8c5e7fda-e8bf-4a96-9a85-a6e23a8c635c,.NET 10.0,False,True,False,True,Default,Default,False,False,False,Default,Default,Default,Default,Default,Default,Default,Default,Default,100ms,Default,Default,Default,Default,Default,Default,Default,16,Default,S1: Check Void Error No Message,2,0.2370 ns,0.0019 ns,0.0018 ns,0.2360 ns,0.87,0.08,0.0000,0 B,NA
S1_CheckVoidErrorNoMessage_EnumerationsOptions,.NET 10.0,False,Default,Default,Default,Default,Default,Default,111111111111,Empty,RyuJit,Default,X64,8c5e7fda-e8bf-4a96-9a85-a6e23a8c635c,.NET 10.0,False,True,False,True,Default,Default,False,False,False,Default,Default,Default,Default,Default,Default,Default,Default,Default,100ms,Default,Default,Default,Default,Default,Default,Default,16,Default,S1: Check Void Error No Message,2,0.2751 ns,0.0278 ns,0.0260 ns,0.2704 ns,1.01,0.13,0.0000,0 B,NA
S1_CheckVoidErrorNoMessage_FluentResults,.NET 10.0,False,Default,Default,Default,Default,Default,Default,111111111111,Empty,RyuJit,Default,X64,8c5e7fda-e8bf-4a96-9a85-a6e23a8c635c,.NET 10.0,False,True,False,True,Default,Default,False,False,False,Default,Default,Default,Default,Default,Default,Default,Default,Default,100ms,Default,Default,Default,Default,Default,Default,Default,16,Default,S1: Check Void Error No Message,2,144.2300 ns,2.8567 ns,2.6721 ns,143.3828 ns,528.51,47.84,0.0833,704 B,NA
S1_CheckVoidErrorNoMessage_LightResults,.NET 10.0,False,Default,Default,Default,Default,Default,Default,111111111111,Empty,RyuJit,Default,X64,8c5e7fda-e8bf-4a96-9a85-a6e23a8c635c,.NET 10.0,False,True,False,True,Default,Default,False,False,False,Default,Default,Default,Default,Default,Default,Default,Default,Default,100ms,Default,Default,Default,Default,Default,Default,Default,16,Default,S1: Check Void Error No Message,2,0.2482 ns,0.0012 ns,0.0011 ns,0.2483 ns,0.91,0.08,0.0000,0 B,NA
S1_CheckVoidErrorNoMessage_Rascal,.NET 10.0,False,Default,Default,Default,Default,Default,Default,111111111111,Empty,RyuJit,Default,X64,8c5e7fda-e8bf-4a96-9a85-a6e23a8c635c,.NET 10.0,False,True,False,True,Default,Default,False,False,False,Default,Default,Default,Default,Default,Default,Default,Default,Default,100ms,Default,Default,Default,Default,Default,Default,Default,16,Default,S1: Check Void Error No Message,2,7.4035 ns,0.1757 ns,0.1644 ns,7.3597 ns,27.13,2.48,0.0057,48 B,NA
S1_CheckVoidErrorNoMessage_SimpleResults,.NET 10.0,False,Default,Default,Default,Default,Default,Default,111111111111,Empty,RyuJit,Default,X64,8c5e7fda-e8bf-4a96-9a85-a6e23a8c635c,.NET 10.0,False,True,False,True,Default,Default,False,False,False,Default,Default,Default,Default,Default,Default,Default,Default,Default,100ms,Default,Default,Default,Default,Default,Default,Default,16,Default,S1: Check Void Error No Message,2,168.4783 ns,2.7504 ns,2.5727 ns,168.3638 ns,617.36,55.53,0.0081,80 B,NA
S1_CheckVoidErrorWithMessage_ArdalisResult,.NET 10.0,False,Default,Default,Default,Default,Default,Default,111111111111,Empty,RyuJit,Default,X64,8c5e7fda-e8bf-4a96-9a85-a6e23a8c635c,.NET 10.0,False,True,False,True,Default,Default,False,False,False,Default,Default,Default,Default,Default,Default,Default,Default,Default,100ms,Default,Default,Default,Default,Default,Default,Default,16,Default,S1: Check Void Error With Message,2,41.6714 ns,0.8113 ns,0.7192 ns,41.6329 ns,157.45,10.81,0.0245,208 B,NA
S1_CheckVoidErrorWithMessage_EnumerationsOptionsBoxed,.NET 10.0,False,Default,Default,Default,Default,Default,Default,111111111111,Empty,RyuJit,Default,X64,8c5e7fda-e8bf-4a96-9a85-a6e23a8c635c,.NET 10.0,False,True,False,True,Default,Default,False,False,False,Default,Default,Default,Default,Default,Default,Default,Default,Default,100ms,Default,Default,Default,Default,Default,Default,Default,16,Default,S1: Check Void Error With Message,2,19.5394 ns,0.4276 ns,0.4000 ns,19.4024 ns,73.83,5.13,0.0076,64 B,NA
S1_CheckVoidErrorWithMessage_EnumerationsOptions,.NET 10.0,False,Default,Default,Default,Default,Default,Default,111111111111,Empty,RyuJit,Default,X64,8c5e7fda-e8bf-4a96-9a85-a6e23a8c635c,.NET 10.0,False,True,False,True,Default,Default,False,False,False,Default,Default,Default,Default,Default,Default,Default,Default,Default,100ms,Default,Default,Default,Default,Default,Default,Default,16,Default,S1: Check Void Error With Message,2,0.2659 ns,0.0203 ns,0.0190 ns,0.2687 ns,1.00,0.10,0.0000,0 B,NA
S1_CheckVoidErrorWithMessage_FluentResults,.NET 10.0,False,Default,Default,Default,Default,Default,Default,111111111111,Empty,RyuJit,Default,X64,8c5e7fda-e8bf-4a96-9a85-a6e23a8c635c,.NET 10.0,False,True,False,True,Default,Default,False,False,False,Default,Default,Default,Default,Default,Default,Default,Default,Default,100ms,Default,Default,Default,Default,Default,Default,Default,16,Default,S1: Check Void Error With Message,2,297.2501 ns,4.4365 ns,3.9328 ns,295.9538 ns,"1,123.15",76.17,0.1259,1056 B,NA
S1_CheckVoidErrorWithMessage_LightResults,.NET 10.0,False,Default,Default,Default,Default,Default,Default,111111111111,Empty,RyuJit,Default,X64,8c5e7fda-e8bf-4a96-9a85-a6e23a8c635c,.NET 10.0,False,True,False,True,Default,Default,False,False,False,Default,Default,Default,Default,Default,Default,Default,Default,Default,100ms,Default,Default,Default,Default,Default,Default,Default,16,Default,S1: Check Void Error With Message,2,19.9530 ns,0.3637 ns,0.3224 ns,19.9288 ns,75.39,5.16,0.0133,112 B,NA
S1_CheckVoidErrorWithMessage_Rascal,.NET 10.0,False,Default,Default,Default,Default,Default,Default,111111111111,Empty,RyuJit,Default,X64,8c5e7fda-e8bf-4a96-9a85-a6e23a8c635c,.NET 10.0,False,True,False,True,Default,Default,False,False,False,Default,Default,Default,Default,Default,Default,Default,Default,Default,100ms,Default,Default,Default,Default,Default,Default,Default,16,Default,S1: Check Void Error With Message,2,10.3505 ns,0.2006 ns,0.1779 ns,10.3129 ns,39.11,2.68,0.0057,48 B,NA
S1_CheckVoidErrorWithMessage_SimpleResults,.NET 10.0,False,Default,Default,Default,Default,Default,Default,111111111111,Empty,RyuJit,Default,X64,8c5e7fda-e8bf-4a96-9a85-a6e23a8c635c,.NET 10.0,False,True,False,True,Default,Default,False,False,False,Default,Default,Default,Default,Default,Default,Default,Default,Default,100ms,Default,Default,Default,Default,Default,Default,Default,16,Default,S1: Check Void Error With Message,2,94.2676 ns,1.8270 ns,2.1040 ns,93.9172 ns,356.19,24.95,0.0090,80 B,NA
S1_CheckVoidSuccess_ArdalisResult,.NET 10.0,False,Default,Default,Default,Default,Default,Default,111111111111,Empty,RyuJit,Default,X64,8c5e7fda-e8bf-4a96-9a85-a6e23a8c635c,.NET 10.0,False,True,False,True,Default,Default,False,False,False,Default,Default,Default,Default,Default,Default,Default,Default,Default,100ms,Default,Default,Default,Default,Default,Default,Default,16,Default,S1: Check Void Success,2,15.4786 ns,0.1913 ns,0.1696 ns,15.4580 ns,62.43,2.35,0.0172,144 B,NA
S1_CheckVoidSuccess_EnumerationsOptionsBoxed,.NET 10.0,False,Default,Default,Default,Default,Default,Default,111111111111,Empty,RyuJit,Default,X64,8c5e7fda-e8bf-4a96-9a85-a6e23a8c635c,.NET 10.0,False,True,False,True,Default,Default,False,False,False,Default,Default,Default,Default,Default,Default,Default,Default,Default,100ms,Default,Default,Default,Default,Default,Default,Default,16,Default,S1: Check Void Success,2,0.2527 ns,0.0025 ns,0.0021 ns,0.2523 ns,1.02,0.04,0.0000,0 B,NA
S1_CheckVoidSuccess_EnumerationsOptions,.NET 10.0,False,Default,Default,Default,Default,Default,Default,111111111111,Empty,RyuJit,Default,X64,8c5e7fda-e8bf-4a96-9a85-a6e23a8c635c,.NET 10.0,False,True,False,True,Default,Default,False,False,False,Default,Default,Default,Default,Default,Default,Default,Default,Default,100ms,Default,Default,Default,Default,Default,Default,Default,16,Default,S1: Check Void Success,2,0.2483 ns,0.0107 ns,0.0089 ns,0.2520 ns,1.00,0.05,0.0000,0 B,NA
S1_CheckVoidSuccess_FluentResults,.NET 10.0,False,Default,Default,Default,Default,Default,Default,111111111111,Empty,RyuJit,Default,X64,8c5e7fda-e8bf-4a96-9a85-a6e23a8c635c,.NET 10.0,False,True,False,True,Default,Default,False,False,False,Default,Default,Default,Default,Default,Default,Default,Default,Default,100ms,Default,Default,Default,Default,Default,Default,Default,16,Default,S1: Check Void Success,2,41.1795 ns,0.8744 ns,1.8445 ns,40.3710 ns,166.08,9.51,0.0245,208 B,NA
S1_CheckVoidSuccess_LightResults,.NET 10.0,False,Default,Default,Default,Default,Default,Default,111111111111,Empty,RyuJit,Default,X64,8c5e7fda-e8bf-4a96-9a85-a6e23a8c635c,.NET 10.0,False,True,False,True,Default,Default,False,False,False,Default,Default,Default,Default,Default,Default,Default,Default,Default,100ms,Default,Default,Default,Default,Default,Default,Default,16,Default,S1: Check Void Success,2,0.2408 ns,0.0099 ns,0.0092 ns,0.2392 ns,0.97,0.05,0.0000,0 B,NA
S1_CheckVoidSuccess_Rascal,.NET 10.0,False,Default,Default,Default,Default,Default,Default,111111111111,Empty,RyuJit,Default,X64,8c5e7fda-e8bf-4a96-9a85-a6e23a8c635c,.NET 10.0,False,True,False,True,Default,Default,False,False,False,Default,Default,Default,Default,Default,Default,Default,Default,Default,100ms,Default,Default,Default,Default,Default,Default,Default,16,Default,S1: Check Void Success,2,0.2568 ns,0.0188 ns,0.0167 ns,0.2580 ns,1.04,0.08,0.0000,0 B,NA
S1_CheckVoidSuccess_SimpleResults,.NET 10.0,False,Default,Default,Default,Default,Default,Default,111111111111,Empty,RyuJit,Default,X64,8c5e7fda-e8bf-4a96-9a85-a6e23a8c635c,.NET 10.0,False,True,False,True,Default,Default,False,False,False,Default,Default,Default,Default,Default,Default,Default,Default,Default,100ms,Default,Default,Default,Default,Default,Default,Default,16,Default,S1: Check Void Success,2,157.6498 ns,1.1971 ns,1.0612 ns,157.8863 ns,635.83,23.36,0.0094,80 B,NA
S1_ReturnOptionStringErrorNoMessage_ArdalisResult,.NET 10.0,False,Default,Default,Default,Default,Default,Default,111111111111,Empty,RyuJit,Default,X64,8c5e7fda-e8bf-4a96-9a85-a6e23a8c635c,.NET 10.0,False,True,False,True,Default,Default,False,False,False,Default,Default,Default,Default,Default,Default,Default,Default,Default,100ms,Default,Default,Default,Default,Default,Default,Default,16,Default,S1: Return Option String Error No Message,2,16.7574 ns,0.1048 ns,0.0875 ns,16.7538 ns,63.63,3.42,0.0172,144 B,NA
S1_ReturnOptionStringErrorNoMessage_EnumerationsOptionsBoxed,.NET 10.0,False,Default,Default,Default,Default,Default,Default,111111111111,Empty,RyuJit,Default,X64,8c5e7fda-e8bf-4a96-9a85-a6e23a8c635c,.NET 10.0,False,True,False,True,Default,Default,False,False,False,Default,Default,Default,Default,Default,Default,Default,Default,Default,100ms,Default,Default,Default,Default,Default,Default,Default,16,Default,S1: Return Option String Error No Message,2,0.2559 ns,0.0118 ns,0.0098 ns,0.2535 ns,0.97,0.06,0.0000,0 B,NA
S1_ReturnOptionStringErrorNoMessage_EnumerationsOptions,.NET 10.0,False,Default,Default,Default,Default,Default,Default,111111111111,Empty,RyuJit,Default,X64,8c5e7fda-e8bf-4a96-9a85-a6e23a8c635c,.NET 10.0,False,True,False,True,Default,Default,False,False,False,Default,Default,Default,Default,Default,Default,Default,Default,Default,100ms,Default,Default,Default,Default,Default,Default,Default,16,Default,S1: Return Option String Error No Message,2,0.2641 ns,0.0161 ns,0.0150 ns,0.2612 ns,1.00,0.08,0.0000,0 B,NA
S1_ReturnOptionStringErrorNoMessage_FluentResults,.NET 10.0,False,Default,Default,Default,Default,Default,Default,111111111111,Empty,RyuJit,Default,X64,8c5e7fda-e8bf-4a96-9a85-a6e23a8c635c,.NET 10.0,False,True,False,True,Default,Default,False,False,False,Default,Default,Default,Default,Default,Default,Default,Default,Default,100ms,Default,Default,Default,Default,Default,Default,Default,16,Default,S1: Return Option String Error No Message,2,93.6854 ns,1.2011 ns,1.0029 ns,93.6953 ns,355.72,19.37,0.0646,544 B,NA
S1_ReturnOptionStringErrorNoMessage_LightResults,.NET 10.0,False,Default,Default,Default,Default,Default,Default,111111111111,Empty,RyuJit,Default,X64,8c5e7fda-e8bf-4a96-9a85-a6e23a8c635c,.NET 10.0,False,True,False,True,Default,Default,False,False,False,Default,Default,Default,Default,Default,Default,Default,Default,Default,100ms,Default,Default,Default,Default,Default,Default,Default,16,Default,S1: Return Option String Error No Message,2,0.2759 ns,0.0326 ns,0.0412 ns,0.2658 ns,1.05,0.16,0.0000,0 B,NA
S1_ReturnOptionStringErrorNoMessage_Rascal,.NET 10.0,False,Default,Default,Default,Default,Default,Default,111111111111,Empty,RyuJit,Default,X64,8c5e7fda-e8bf-4a96-9a85-a6e23a8c635c,.NET 10.0,False,True,False,True,Default,Default,False,False,False,Default,Default,Default,Default,Default,Default,Default,Default,Default,100ms,Default,Default,Default,Default,Default,Default,Default,16,Default,S1: Return Option String Error No Message,2,8.1961 ns,0.1815 ns,0.2771 ns,8.1905 ns,31.12,1.96,0.0057,48 B,NA
S1_ReturnOptionStringErrorNoMessage_SimpleResults,.NET 10.0,False,Default,Default,Default,Default,Default,Default,111111111111,Empty,RyuJit,Default,X64,8c5e7fda-e8bf-4a96-9a85-a6e23a8c635c,.NET 10.0,False,True,False,True,Default,Default,False,False,False,Default,Default,Default,Default,Default,Default,Default,Default,Default,100ms,Default,Default,Default,Default,Default,Default,Default,16,Default,S1: Return Option String Error No Message,2,264.5116 ns,3.1450 ns,2.7879 ns,264.7682 ns,"1,004.33",54.64,0.0206,176 B,NA
S1_ReturnOptionStringErrorWithMessage_ArdalisResult,.NET 10.0,False,Default,Default,Default,Default,Default,Default,111111111111,Empty,RyuJit,Default,X64,8c5e7fda-e8bf-4a96-9a85-a6e23a8c635c,.NET 10.0,False,True,False,True,Default,Default,False,False,False,Default,Default,Default,Default,Default,Default,Default,Default,Default,100ms,Default,Default,Default,Default,Default,Default,Default,16,Default,S1: Return Option String Error With Message,2,27.5734 ns,0.5918 ns,1.2354 ns,27.6734 ns,112.24,5.14,0.0248,208 B,NA
S1_ReturnOptionStringErrorWithMessage_EnumerationsOptionsBoxed,.NET 10.0,False,Default,Default,Default,Default,Default,Default,111111111111,Empty,RyuJit,Default,X64,8c5e7fda-e8bf-4a96-9a85-a6e23a8c635c,.NET 10.0,False,True,False,True,Default,Default,False,False,False,Default,Default,Default,Default,Default,Default,Default,Default,Default,100ms,Default,Default,Default,Default,Default,Default,Default,16,Default,S1: Return Option String Error With Message,2,8.2890 ns,0.2064 ns,0.4443 ns,8.2276 ns,33.74,1.83,0.0076,64 B,NA
S1_ReturnOptionStringErrorWithMessage_EnumerationsOptions,.NET 10.0,False,Default,Default,Default,Default,Default,Default,111111111111,Empty,RyuJit,Default,X64,8c5e7fda-e8bf-4a96-9a85-a6e23a8c635c,.NET 10.0,False,True,False,True,Default,Default,False,False,False,Default,Default,Default,Default,Default,Default,Default,Default,Default,100ms,Default,Default,Default,Default,Default,Default,Default,16,Default,S1: Return Option String Error With Message,2,0.2457 ns,0.0033 ns,0.0029 ns,0.2442 ns,1.00,0.02,0.0000,0 B,NA
S1_ReturnOptionStringErrorWithMessage_FluentResults,.NET 10.0,False,Default,Default,Default,Default,Default,Default,111111111111,Empty,RyuJit,Default,X64,8c5e7fda-e8bf-4a96-9a85-a6e23a8c635c,.NET 10.0,False,True,False,True,Default,Default,False,False,False,Default,Default,Default,Default,Default,Default,Default,Default,Default,100ms,Default,Default,Default,Default,Default,Default,Default,16,Default,S1: Return Option String Error With Message,2,91.0542 ns,1.8713 ns,3.6054 ns,89.2924 ns,370.65,15.12,0.0641,544 B,NA
S1_ReturnOptionStringErrorWithMessage_LightResults,.NET 10.0,False,Default,Default,Default,Default,Default,Default,111111111111,Empty,RyuJit,Default,X64,8c5e7fda-e8bf-4a96-9a85-a6e23a8c635c,.NET 10.0,False,True,False,True,Default,Default,False,False,False,Default,Default,Default,Default,Default,Default,Default,Default,Default,100ms,Default,Default,Default,Default,Default,Default,Default,16,Default,S1: Return Option String Error With Message,2,20.3513 ns,0.3665 ns,0.3249 ns,20.2496 ns,82.84,1.59,0.0132,112 B,NA
S1_ReturnOptionStringErrorWithMessage_Rascal,.NET 10.0,False,Default,Default,Default,Default,Default,Default,111111111111,Empty,RyuJit,Default,X64,8c5e7fda-e8bf-4a96-9a85-a6e23a8c635c,.NET 10.0,False,True,False,True,Default,Default,False,False,False,Default,Default,Default,Default,Default,Default,Default,Default,Default,100ms,Default,Default,Default,Default,Default,Default,Default,16,Default,S1: Return Option String Error With Message,2,7.9535 ns,0.1825 ns,0.1618 ns,7.9277 ns,32.38,0.73,0.0057,48 B,NA
S1_ReturnOptionStringErrorWithMessage_SimpleResults,.NET 10.0,False,Default,Default,Default,Default,Default,Default,111111111111,Empty,RyuJit,Default,X64,8c5e7fda-e8bf-4a96-9a85-a6e23a8c635c,.NET 10.0,False,True,False,True,Default,Default,False,False,False,Default,Default,Default,Default,Default,Default,Default,Default,Default,100ms,Default,Default,Default,Default,Default,Default,Default,16,Default,S1: Return Option String Error With Message,2,170.1719 ns,0.6807 ns,0.5315 ns,170.1335 ns,692.72,8.13,0.0203,176 B,NA
S1_ReturnOptionStringNone_ArdalisResult,.NET 10.0,False,Default,Default,Default,Default,Default,Default,111111111111,Empty,RyuJit,Default,X64,8c5e7fda-e8bf-4a96-9a85-a6e23a8c635c,.NET 10.0,False,True,False,True,Default,Default,False,False,False,Default,Default,Default,Default,Default,Default,Default,Default,Default,100ms,Default,Default,Default,Default,Default,Default,Default,16,Default,S1: Return Option String None,2,15.6178 ns,0.3513 ns,0.3607 ns,15.6749 ns,60.15,2.38,0.0171,144 B,NA
S1_ReturnOptionStringNone_EnumerationsOptionsBoxed,.NET 10.0,False,Default,Default,Default,Default,Default,Default,111111111111,Empty,RyuJit,Default,X64,8c5e7fda-e8bf-4a96-9a85-a6e23a8c635c,.NET 10.0,False,True,False,True,Default,Default,False,False,False,Default,Default,Default,Default,Default,Default,Default,Default,Default,100ms,Default,Default,Default,Default,Default,Default,Default,16,Default,S1: Return Option String None,2,0.2377 ns,0.0032 ns,0.0025 ns,0.2381 ns,0.92,0.03,0.0000,0 B,NA
S1_ReturnOptionStringNone_EnumerationsOptions,.NET 10.0,False,Default,Default,Default,Default,Default,Default,111111111111,Empty,RyuJit,Default,X64,8c5e7fda-e8bf-4a96-9a85-a6e23a8c635c,.NET 10.0,False,True,False,True,Default,Default,False,False,False,Default,Default,Default,Default,Default,Default,Default,Default,Default,100ms,Default,Default,Default,Default,Default,Default,Default,16,Default,S1: Return Option String None,2,0.2599 ns,0.0095 ns,0.0089 ns,0.2579 ns,1.00,0.05,0.0000,0 B,NA
S1_ReturnOptionStringNone_FluentResults,.NET 10.0,False,Default,Default,Default,Default,Default,Default,111111111111,Empty,RyuJit,Default,X64,8c5e7fda-e8bf-4a96-9a85-a6e23a8c635c,.NET 10.0,False,True,False,True,Default,Default,False,False,False,Default,Default,Default,Default,Default,Default,Default,Default,Default,100ms,Default,Default,Default,Default,Default,Default,Default,16,Default,S1: Return Option String None,2,43.2558 ns,0.4268 ns,0.3784 ns,43.2117 ns,166.61,5.62,0.0267,224 B,NA
S1_ReturnOptionStringNone_LightResults,.NET 10.0,False,Default,Default,Default,Default,Default,Default,111111111111,Empty,RyuJit,Default,X64,8c5e7fda-e8bf-4a96-9a85-a6e23a8c635c,.NET 10.0,False,True,False,True,Default,Default,False,False,False,Default,Default,Default,Default,Default,Default,Default,Default,Default,100ms,Default,Default,Default,Default,Default,Default,Default,16,Default,S1: Return Option String None,2,0.2618 ns,0.0251 ns,0.0222 ns,0.2499 ns,1.01,0.09,0.0000,0 B,NA
S1_ReturnOptionStringNone_Rascal,.NET 10.0,False,Default,Default,Default,Default,Default,Default,111111111111,Empty,RyuJit,Default,X64,8c5e7fda-e8bf-4a96-9a85-a6e23a8c635c,.NET 10.0,False,True,False,True,Default,Default,False,False,False,Default,Default,Default,Default,Default,Default,Default,Default,Default,100ms,Default,Default,Default,Default,Default,Default,Default,16,Default,S1: Return Option String None,2,0.2514 ns,0.0037 ns,0.0035 ns,0.2498 ns,0.97,0.03,0.0000,0 B,NA
S1_ReturnOptionStringNone_SimpleResults,.NET 10.0,False,Default,Default,Default,Default,Default,Default,111111111111,Empty,RyuJit,Default,X64,8c5e7fda-e8bf-4a96-9a85-a6e23a8c635c,.NET 10.0,False,True,False,True,Default,Default,False,False,False,Default,Default,Default,Default,Default,Default,Default,Default,Default,100ms,Default,Default,Default,Default,Default,Default,Default,16,Default,S1: Return Option String None,2,156.9407 ns,2.4187 ns,2.1441 ns,157.6658 ns,604.49,21.29,0.0108,96 B,NA
S1_ReturnOptionStringSuccess_ArdalisResult,.NET 10.0,False,Default,Default,Default,Default,Default,Default,111111111111,Empty,RyuJit,Default,X64,8c5e7fda-e8bf-4a96-9a85-a6e23a8c635c,.NET 10.0,False,True,False,True,Default,Default,False,False,False,Default,Default,Default,Default,Default,Default,Default,Default,Default,100ms,Default,Default,Default,Default,Default,Default,Default,16,Default,S1: Return Option String Success,2,14.5822 ns,0.2426 ns,0.2151 ns,14.4879 ns,57.21,1.09,0.0172,144 B,NA
S1_ReturnOptionStringSuccess_EnumerationsOptionsBoxed,.NET 10.0,False,Default,Default,Default,Default,Default,Default,111111111111,Empty,RyuJit,Default,X64,8c5e7fda-e8bf-4a96-9a85-a6e23a8c635c,.NET 10.0,False,True,False,True,Default,Default,False,False,False,Default,Default,Default,Default,Default,Default,Default,Default,Default,100ms,Default,Default,Default,Default,Default,Default,Default,16,Default,S1: Return Option String Success,2,8.2353 ns,0.2045 ns,0.2008 ns,8.2102 ns,32.31,0.87,0.0076,64 B,NA
S1_ReturnOptionStringSuccess_EnumerationsOptions,.NET 10.0,False,Default,Default,Default,Default,Default,Default,111111111111,Empty,RyuJit,Default,X64,8c5e7fda-e8bf-4a96-9a85-a6e23a8c635c,.NET 10.0,False,True,False,True,Default,Default,False,False,False,Default,Default,Default,Default,Default,Default,Default,Default,Default,100ms,Default,Default,Default,Default,Default,Default,Default,16,Default,S1: Return Option String Success,2,0.2549 ns,0.0040 ns,0.0034 ns,0.2556 ns,1.00,0.02,0.0000,0 B,NA
S1_ReturnOptionStringSuccess_FluentResults,.NET 10.0,False,Default,Default,Default,Default,Default,Default,111111111111,Empty,RyuJit,Default,X64,8c5e7fda-e8bf-4a96-9a85-a6e23a8c635c,.NET 10.0,False,True,False,True,Default,Default,False,False,False,Default,Default,Default,Default,Default,Default,Default,Default,Default,100ms,Default,Default,Default,Default,Default,Default,Default,16,Default,S1: Return Option String Success,2,43.8614 ns,0.5659 ns,0.5017 ns,43.9231 ns,172.08,2.89,0.0264,224 B,NA
S1_ReturnOptionStringSuccess_LightResults,.NET 10.0,False,Default,Default,Default,Default,Default,Default,111111111111,Empty,RyuJit,Default,X64,8c5e7fda-e8bf-4a96-9a85-a6e23a8c635c,.NET 10.0,False,True,False,True,Default,Default,False,False,False,Default,Default,Default,Default,Default,Default,Default,Default,Default,100ms,Default,Default,Default,Default,Default,Default,Default,16,Default,S1: Return Option String Success,2,0.2702 ns,0.0173 ns,0.0162 ns,0.2725 ns,1.06,0.06,0.0000,0 B,NA
S1_ReturnOptionStringSuccess_Rascal,.NET 10.0,False,Default,Default,Default,Default,Default,Default,111111111111,Empty,RyuJit,Default,X64,8c5e7fda-e8bf-4a96-9a85-a6e23a8c635c,.NET 10.0,False,True,False,True,Default,Default,False,False,False,Default,Default,Default,Default,Default,Default,Default,Default,Default,100ms,Default,Default,Default,Default,Default,Default,Default,16,Default,S1: Return Option String Success,2,0.2677 ns,0.0124 ns,0.0116 ns,0.2696 ns,1.05,0.05,0.0000,0 B,NA
S1_ReturnOptionStringSuccess_SimpleResults,.NET 10.0,False,Default,Default,Default,Default,Default,Default,111111111111,Empty,RyuJit,Default,X64,8c5e7fda-e8bf-4a96-9a85-a6e23a8c635c,.NET 10.0,False,True,False,True,Default,Default,False,False,False,Default,Default,Default,Default,Default,Default,Default,Default,Default,100ms,Default,Default,Default,Default,Default,Default,Default,16,Default,S1: Return Option String Success,2,172.9131 ns,2.9178 ns,2.5866 ns,172.6059 ns,678.39,13.02,0.0208,176 B,NA
S1_ReturnVoidErrorNoMessage_ArdalisResult,.NET 10.0,False,Default,Default,Default,Default,Default,Default,111111111111,Empty,RyuJit,Default,X64,8c5e7fda-e8bf-4a96-9a85-a6e23a8c635c,.NET 10.0,False,True,False,True,Default,Default,False,False,False,Default,Default,Default,Default,Default,Default,Default,Default,Default,100ms,Default,Default,Default,Default,Default,Default,Default,16,Default,S1: Return Void Error No Message,2,17.1213 ns,0.3869 ns,0.7362 ns,16.6311 ns,70.71,3.94,0.0171,144 B,NA
S1_ReturnVoidErrorNoMessage_EnumerationsOptionsBoxed,.NET 10.0,False,Default,Default,Default,Default,Default,Default,111111111111,Empty,RyuJit,Default,X64,8c5e7fda-e8bf-4a96-9a85-a6e23a8c635c,.NET 10.0,False,True,False,True,Default,Default,False,False,False,Default,Default,Default,Default,Default,Default,Default,Default,Default,100ms,Default,Default,Default,Default,Default,Default,Default,16,Default,S1: Return Void Error No Message,2,0.2379 ns,0.0129 ns,0.0121 ns,0.2388 ns,0.98,0.06,0.0000,0 B,NA
S1_ReturnVoidErrorNoMessage_EnumerationsOptions,.NET 10.0,False,Default,Default,Default,Default,Default,Default,111111111111,Empty,RyuJit,Default,X64,8c5e7fda-e8bf-4a96-9a85-a6e23a8c635c,.NET 10.0,False,True,False,True,Default,Default,False,False,False,Default,Default,Default,Default,Default,Default,Default,Default,Default,100ms,Default,Default,Default,Default,Default,Default,Default,16,Default,S1: Return Void Error No Message,2,0.2424 ns,0.0115 ns,0.0096 ns,0.2377 ns,1.00,0.05,0.0000,0 B,NA
S1_ReturnVoidErrorNoMessage_FluentResults,.NET 10.0,False,Default,Default,Default,Default,Default,Default,111111111111,Empty,RyuJit,Default,X64,8c5e7fda-e8bf-4a96-9a85-a6e23a8c635c,.NET 10.0,False,True,False,True,Default,Default,False,False,False,Default,Default,Default,Default,Default,Default,Default,Default,Default,100ms,Default,Default,Default,Default,Default,Default,Default,16,Default,S1: Return Void Error No Message,2,95.7853 ns,1.7971 ns,1.6810 ns,96.0303 ns,395.61,15.76,0.0626,528 B,NA
S1_ReturnVoidErrorNoMessage_LightResults,.NET 10.0,False,Default,Default,Default,Default,Default,Default,111111111111,Empty,RyuJit,Default,X64,8c5e7fda-e8bf-4a96-9a85-a6e23a8c635c,.NET 10.0,False,True,False,True,Default,Default,False,False,False,Default,Default,Default,Default,Default,Default,Default,Default,Default,100ms,Default,Default,Default,Default,Default,Default,Default,16,Default,S1: Return Void Error No Message,2,0.2547 ns,0.0047 ns,0.0042 ns,0.2530 ns,1.05,0.04,0.0000,0 B,NA
S1_ReturnVoidErrorNoMessage_Rascal,.NET 10.0,False,Default,Default,Default,Default,Default,Default,111111111111,Empty,RyuJit,Default,X64,8c5e7fda-e8bf-4a96-9a85-a6e23a8c635c,.NET 10.0,False,True,False,True,Default,Default,False,False,False,Default,Default,Default,Default,Default,Default,Default,Default,Default,100ms,Default,Default,Default,Default,Default,Default,Default,16,Default,S1: Return Void Error No Message,2,7.4922 ns,0.1534 ns,0.1360 ns,7.4534 ns,30.94,1.24,0.0057,48 B,NA
S1_ReturnVoidErrorNoMessage_SimpleResults,.NET 10.0,False,Default,Default,Default,Default,Default,Default,111111111111,Empty,RyuJit,Default,X64,8c5e7fda-e8bf-4a96-9a85-a6e23a8c635c,.NET 10.0,False,True,False,True,Default,Default,False,False,False,Default,Default,Default,Default,Default,Default,Default,Default,Default,100ms,Default,Default,Default,Default,Default,Default,Default,16,Default,S1: Return Void Error No Message,2,186.7884 ns,1.5398 ns,1.4404 ns,186.5336 ns,771.48,28.37,0.0094,80 B,NA
S1_ReturnVoidErrorWithMessage_ArdalisResult,.NET 10.0,False,Default,Default,Default,Default,Default,Default,111111111111,Empty,RyuJit,Default,X64,8c5e7fda-e8bf-4a96-9a85-a6e23a8c635c,.NET 10.0,False,True,False,True,Default,Default,False,False,False,Default,Default,Default,Default,Default,Default,Default,Default,Default,100ms,Default,Default,Default,Default,Default,Default,Default,16,Default,S1: Return Void Error With Message,2,27.1427 ns,0.3787 ns,0.3162 ns,27.1951 ns,101.05,1.52,0.0247,208 B,NA
S1_ReturnVoidErrorWithMessage_EnumerationsOptionsBoxed,.NET 10.0,False,Default,Default,Default,Default,Default,Default,111111111111,Empty,RyuJit,Default,X64,8c5e7fda-e8bf-4a96-9a85-a6e23a8c635c,.NET 10.0,False,True,False,True,Default,Default,False,False,False,Default,Default,Default,Default,Default,Default,Default,Default,Default,100ms,Default,Default,Default,Default,Default,Default,Default,16,Default,S1: Return Void Error With Message,2,8.4154 ns,0.0280 ns,0.0218 ns,8.4212 ns,31.33,0.32,0.0076,64 B,NA
S1_ReturnVoidErrorWithMessage_EnumerationsOptions,.NET 10.0,False,Default,Default,Default,Default,Default,Default,111111111111,Empty,RyuJit,Default,X64,8c5e7fda-e8bf-4a96-9a85-a6e23a8c635c,.NET 10.0,False,True,False,True,Default,Default,False,False,False,Default,Default,Default,Default,Default,Default,Default,Default,Default,100ms,Default,Default,Default,Default,Default,Default,Default,16,Default,S1: Return Void Error With Message,2,0.2686 ns,0.0030 ns,0.0028 ns,0.2687 ns,1.00,0.01,0.0000,0 B,NA
S1_ReturnVoidErrorWithMessage_FluentResults,.NET 10.0,False,Default,Default,Default,Default,Default,Default,111111111111,Empty,RyuJit,Default,X64,8c5e7fda-e8bf-4a96-9a85-a6e23a8c635c,.NET 10.0,False,True,False,True,Default,Default,False,False,False,Default,Default,Default,Default,Default,Default,Default,Default,Default,100ms,Default,Default,Default,Default,Default,Default,Default,16,Default,S1: Return Void Error With Message,2,91.4089 ns,0.4213 ns,0.3518 ns,91.4302 ns,340.32,3.62,0.0625,528 B,NA
S1_ReturnVoidErrorWithMessage_LightResults,.NET 10.0,False,Default,Default,Default,Default,Default,Default,111111111111,Empty,RyuJit,Default,X64,8c5e7fda-e8bf-4a96-9a85-a6e23a8c635c,.NET 10.0,False,True,False,True,Default,Default,False,False,False,Default,Default,Default,Default,Default,Default,Default,Default,Default,100ms,Default,Default,Default,Default,Default,Default,Default,16,Default,S1: Return Void Error With Message,2,19.0780 ns,0.1536 ns,0.1199 ns,19.0866 ns,71.03,0.83,0.0134,112 B,NA
S1_ReturnVoidErrorWithMessage_Rascal,.NET 10.0,False,Default,Default,Default,Default,Default,Default,111111111111,Empty,RyuJit,Default,X64,8c5e7fda-e8bf-4a96-9a85-a6e23a8c635c,.NET 10.0,False,True,False,True,Default,Default,False,False,False,Default,Default,Default,Default,Default,Default,Default,Default,Default,100ms,Default,Default,Default,Default,Default,Default,Default,16,Default,S1: Return Void Error With Message,2,7.3746 ns,0.0937 ns,0.0783 ns,7.3682 ns,27.46,0.39,0.0057,48 B,NA
S1_ReturnVoidErrorWithMessage_SimpleResults,.NET 10.0,False,Default,Default,Default,Default,Default,Default,111111111111,Empty,RyuJit,Default,X64,8c5e7fda-e8bf-4a96-9a85-a6e23a8c635c,.NET 10.0,False,True,False,True,Default,Default,False,False,False,Default,Default,Default,Default,Default,Default,Default,Default,Default,100ms,Default,Default,Default,Default,Default,Default,Default,16,Default,S1: Return Void Error With Message,2,81.8942 ns,0.8792 ns,0.7342 ns,81.7537 ns,304.89,4.03,0.0088,80 B,NA
S1_ReturnVoidSuccess_ArdalisResult,.NET 10.0,False,Default,Default,Default,Default,Default,Default,111111111111,Empty,RyuJit,Default,X64,8c5e7fda-e8bf-4a96-9a85-a6e23a8c635c,.NET 10.0,False,True,False,True,Default,Default,False,False,False,Default,Default,Default,Default,Default,Default,Default,Default,Default,100ms,Default,Default,Default,Default,Default,Default,Default,16,Default,S1: Return Void Success,2,14.8689 ns,0.3428 ns,0.6767 ns,14.5817 ns,61.03,2.89,0.0171,144 B,NA
S1_ReturnVoidSuccess_EnumerationsOptionsBoxed,.NET 10.0,False,Default,Default,Default,Default,Default,Default,111111111111,Empty,RyuJit,Default,X64,8c5e7fda-e8bf-4a96-9a85-a6e23a8c635c,.NET 10.0,False,True,False,True,Default,Default,False,False,False,Default,Default,Default,Default,Default,Default,Default,Default,Default,100ms,Default,Default,Default,Default,Default,Default,Default,16,Default,S1: Return Void Success,2,0.2476 ns,0.0046 ns,0.0036 ns,0.2479 ns,1.02,0.02,0.0000,0 B,NA
S1_ReturnVoidSuccess_EnumerationsOptions,.NET 10.0,False,Default,Default,Default,Default,Default,Default,111111111111,Empty,RyuJit,Default,X64,8c5e7fda-e8bf-4a96-9a85-a6e23a8c635c,.NET 10.0,False,True,False,True,Default,Default,False,False,False,Default,Default,Default,Default,Default,Default,Default,Default,Default,100ms,Default,Default,Default,Default,Default,Default,Default,16,Default,S1: Return Void Success,2,0.2437 ns,0.0041 ns,0.0037 ns,0.2431 ns,1.00,0.02,0.0000,0 B,NA
S1_ReturnVoidSuccess_FluentResults,.NET 10.0,False,Default,Default,Default,Default,Default,Default,111111111111,Empty,RyuJit,Default,X64,8c5e7fda-e8bf-4a96-9a85-a6e23a8c635c,.NET 10.0,False,True,False,True,Default,Default,False,False,False,Default,Default,Default,Default,Default,Default,Default,Default,Default,100ms,Default,Default,Default,Default,Default,Default,Default,16,Default,S1: Return Void Success,2,20.1149 ns,0.2865 ns,0.2540 ns,20.1452 ns,82.56,1.56,0.0132,112 B,NA
S1_ReturnVoidSuccess_LightResults,.NET 10.0,False,Default,Default,Default,Default,Default,Default,111111111111,Empty,RyuJit,Default,X64,8c5e7fda-e8bf-4a96-9a85-a6e23a8c635c,.NET 10.0,False,True,False,True,Default,Default,False,False,False,Default,Default,Default,Default,Default,Default,Default,Default,Default,100ms,Default,Default,Default,Default,Default,Default,Default,16,Default,S1: Return Void Success,2,0.2271 ns,0.0031 ns,0.0029 ns,0.2257 ns,0.93,0.02,0.0000,0 B,NA
S1_ReturnVoidSuccess_Rascal,.NET 10.0,False,Default,Default,Default,Default,Default,Default,111111111111,Empty,RyuJit,Default,X64,8c5e7fda-e8bf-4a96-9a85-a6e23a8c635c,.NET 10.0,False,True,False,True,Default,Default,False,False,False,Default,Default,Default,Default,Default,Default,Default,Default,Default,100ms,Default,Default,Default,Default,Default,Default,Default,16,Default,S1: Return Void Success,2,0.2493 ns,0.0118 ns,0.0105 ns,0.2479 ns,1.02,0.04,0.0000,0 B,NA
S1_ReturnVoidSuccess_SimpleResults,.NET 10.0,False,Default,Default,Default,Default,Default,Default,111111111111,Empty,RyuJit,Default,X64,8c5e7fda-e8bf-4a96-9a85-a6e23a8c635c,.NET 10.0,False,True,False,True,Default,Default,False,False,False,Default,Default,Default,Default,Default,Default,Default,Default,Default,100ms,Default,Default,Default,Default,Default,Default,Default,16,Default,S1: Return Void Success,2,152.6964 ns,2.3170 ns,2.0540 ns,152.1624 ns,626.72,12.18,0.0091,80 B,NA
